Feature	CompGroup(C)	BaseGroup(B)	NumSamplesInC	NumSamplesInB	SignedFC	Tstatistic	Parameter	Pvalue	95%Conf.Int.1	95%Conf.Int.2	MeanC	MeanB	NullValue-DifferenceInMeans	Alternative	Method	FDR
1	241871_at|CAMK4	Incipent	Control	7	8	-1.51182109889105	-5.40165858215432	12.7877463045784	0.00012792895822956	-0.835172866791043	-0.357401990351814	3.91174757142857	4.508035	0	two.sided	Welch Two Sample t-test	0.999448188432275
2	223330_s_at|SUGT1	Incipent	Control	7	8	-1.57518711402035	-5.30993265910271	12.5319632670024	0.00016005848196328	-0.923241695967165	-0.387804732604263	4.10663028571429	4.7621535	0	two.sided	Welch Two Sample t-test	0.999448188432275
3	1565702_at|SMAD4	Incipent	Control	7	8	1.47729811888608	5.05402384425186	12.7548799860174	0.00023419168039934	0.321849453405242	0.804072529523329	2.16809774771429	1.60513675625	0	two.sided	Welch Two Sample t-test	0.999448188432275
4	226500_at|ZBTB47	Incipent	Control	7	8	1.34319229268411	5.04127820762523	12.3903481448233	0.00026168224042314	0.24233616683224	0.608995547453475	6.28581485714286	5.860149	0	two.sided	Welch Two Sample t-test	0.999448188432275
5	212731_at|ANKRD46	Incipent	Control	7	8	-1.7959937621126	-4.95977601170679	11.5105288249624	0.00037462230194467	-1.21765020219879	-0.471914476372638	5.30624128571429	6.151023625	0	two.sided	Welch Two Sample t-test	0.999448188432275
6	231244_at|CASD1	Incipent	Control	7	8	1.49596687704516	4.51779881293328	12.8781871074034	0.00059168885622816	0.302944707452037	0.859211756833677	3.30276485714286	2.721686625	0	two.sided	Welch Two Sample t-test	0.999448188432275
7	208761_s_at|SUMO1	Incipent	Control	7	8	-1.28099028620603	-4.55527934355933	12.4651487942221	0.00059983476082478	-0.527434010915707	-0.187085060512864	5.26736171428571	5.62462125	0	two.sided	Welch Two Sample t-test	0.999448188432275
8	227556_at|NME7	Incipent	Control	7	8	-1.32063970707381	-4.87864660926121	10.2413087943471	0.00060026892887048	-0.583903259033956	-0.218570598108902	10.0981405714286	10.4993775	0	two.sided	Welch Two Sample t-test	0.999448188432275
9	1555568_at|GUSBP2	Incipent	Control	7	8	1.18607889714023	4.66910388656027	11.4836416773527	0.00060950440282989	0.130736481290347	0.361663478995368	5.82226873214286	5.576068752	0	two.sided	Welch Two Sample t-test	0.999448188432275
10	1562643_at|LOC101929279	Incipent	Control	7	8	1.31881669079459	4.58395217697783	12.1394923324656	0.00060985663576073	0.209719658796604	0.588768442846252	2.68654906457143	2.28730501375	0	two.sided	Welch Two Sample t-test	0.999448188432275
11	200696_s_at|GSN	Incipent	Control	7	8	1.72510856965264	4.55967028199632	12.0430213441354	0.00064920054016051	0.410922004056288	1.16245231737228	6.14770328571429	5.361016125	0	two.sided	Welch Two Sample t-test	0.999448188432275
12	206432_at|HAS2	Incipent	Control	7	8	-1.22814221080935	-4.99545746265119	9.40657070351661	0.00065079565217793	-0.429856013973418	-0.163099236026582	1.55173	1.848207625	0	two.sided	Welch Two Sample t-test	0.999448188432275
13	214541_s_at|QKI	Incipent	Control	7	8	1.32687864433971	4.57284342085118	11.748176788054	0.00067583775583876	0.213156989959541	0.602915867183315	8.79541342857143	8.387377	0	two.sided	Welch Two Sample t-test	0.999448188432275
14	228636_at|BHLHE22	Incipent	Control	7	8	-1.50554847565913	-4.48781072037994	12.3575287835459	0.00069084897095024	-0.875955111437495	-0.304623209991076	7.38356371428571	7.973852875	0	two.sided	Welch Two Sample t-test	0.999448188432275
15	210749_x_at|DDR1	Incipent	Control	7	8	1.32191470284392	4.48423526747546	12.2834466656047	0.00070550874615883	0.207498040029174	0.597760138542256	5.47451771428571	5.071888625	0	two.sided	Welch Two Sample t-test	0.999448188432275
16	223111_x_at|ARID4B	Incipent	Control	7	8	1.44012717023743	4.40022458840207	12.9313663227406	0.00072624753017102	0.267711354557699	0.784681074013729	6.26562771428571	5.7394315	0	two.sided	Welch Two Sample t-test	0.999448188432275
17	228652_at|ZNF776	Incipent	Control	7	8	-1.46112516318688	-4.39855267613869	12.585661764102	0.00077594382133947	-0.816682422688205	-0.277477113026081	2.51724885714286	3.064328625	0	two.sided	Welch Two Sample t-test	0.999448188432275
18	1557700_at|POLH	Incipent	Control	7	8	-1.25529784805444	-4.63668218901729	10.6299474563162	0.00078853384456857	-0.484405956755604	-0.171653477458682	2.02002940614286	2.34805912325	0	two.sided	Welch Two Sample t-test	0.999448188432275
19	1553718_at|ZNF548	Incipent	Control	7	8	-2.10611745755162	-4.5287004725039	11.2889675776182	0.00080542846903561	-1.59521695305458	-0.553954841516851	3.55500432871429	4.629590226	0	two.sided	Welch Two Sample t-test	0.999448188432275
20	232317_at|PLXNA4	Incipent	Control	7	8	-1.30417139522789	-4.57245033602589	10.547686466423	0.00089123842378946	-0.568527322564844	-0.197739641720868	7.85611914285714	8.239252625	0	two.sided	Welch Two Sample t-test	0.999448188432275
21	210322_x_at|UTY	Incipent	Control	7	8	-1.46974882548396	-4.48173052497867	11.1670062337811	0.00089490007868034	-0.827913760130736	-0.283225489869264	2.596554	3.152123625	0	two.sided	Welch Two Sample t-test	0.999448188432275
22	230563_at|RASGEF1A	Incipent	Control	7	8	-1.50853450554926	-4.3172994933046	12.3828680496535	0.00093237334650819	-0.891468419550601	-0.294826973306541	4.72296642857143	5.316114125	0	two.sided	Welch Two Sample t-test	0.999448188432275
23	1567242_at|OR2L1P	Incipent	Control	7	8	-1.50648662055261	-4.3230681764846	11.679341385033	0.00105366532603543	-0.890054513971532	-0.29232120620704	3.04783805728571	3.639025917375	0	two.sided	Welch Two Sample t-test	0.999448188432275
24	225097_at|HIPK2	Incipent	Control	7	8	1.5077773374255	4.23578649428671	12.3503213434397	0.00108610092476147	0.288647319516111	0.896199466198174	7.95741914285714	7.36499575	0	two.sided	Welch Two Sample t-test	0.999448188432275
25	225841_at|HENMT1	Incipent	Control	7	8	-1.33053910355176	-4.37769408968691	10.8723626683612	0.00113408898292816	-0.619455842233659	-0.204565979194913	2.79976571428571	3.211776625	0	two.sided	Welch Two Sample t-test	0.999448188432275
26	226294_x_at|FAM91A1	Incipent	Control	7	8	-1.28000647404882	-4.44608543164683	10.3089781957575	0.00115360986237099	-0.533912421145701	-0.178389793140015	5.71771214285714	6.07386325	0	two.sided	Welch Two Sample t-test	0.999448188432275
27	231844_at|RBM28	Incipent	Control	7	8	1.44826245424213	4.16531319352116	12.546072309492	0.00119390648716851	0.256169979269023	0.812476163588121	4.38430157142857	3.8499785	0	two.sided	Welch Two Sample t-test	0.999448188432275
28	38290_at|RGS14	Incipent	Control	7	8	-1.32623683352213	-4.26880433742732	11.0822967005259	0.0013014313827085	-0.617171007470491	-0.197505849672367	5.32093157142857	5.72827	0	two.sided	Welch Two Sample t-test	0.999448188432275
29	1553108_at|C5orf24	Incipent	Control	7	8	-1.75437469648257	-4.94448772697755	7.60977156806768	0.00130688901836269	-1.19257266055351	-0.429341157732203	3.21872816585714	4.029685075	0	two.sided	Welch Two Sample t-test	0.999448188432275
30	229406_at|RBFOX3	Incipent	Control	7	8	-1.39856825174399	-4.08466565234707	12.6521392066412	0.00136108032832201	-0.740628080651115	-0.227273240777456	3.44634471428571	3.930295375	0	two.sided	Welch Two Sample t-test	0.999448188432275
31	224817_at|SH3PXD2A	Incipent	Control	7	8	1.26594204293016	4.18114680765189	11.4246802783708	0.00141413541467773	0.16193057450329	0.518492139782425	5.79233985714286	5.4521285	0	two.sided	Welch Two Sample t-test	0.999448188432275
32	228747_at|SEC61A2	Incipent	Control	7	8	-1.34747060739701	-4.02633433510034	12.9989070170272	0.00143920720947298	-0.661112619307421	-0.199394987835436	7.69935457142857	8.129608375	0	two.sided	Welch Two Sample t-test	0.999448188432275
33	209646_x_at|ALDH1B1	Incipent	Control	7	8	1.21743123486057	4.02509637422706	12.9867732571582	0.00144514751009275	0.131480418735513	0.436200152693058	8.33402628571429	8.050186	0	two.sided	Welch Two Sample t-test	0.999448188432275
34	201137_s_at|HLA-DPB1	Incipent	Control	7	8	2.05555480767552	4.01020881420862	12.9982669861874	0.00148367384574888	0.479508672485683	1.59954700608575	6.02937871428571	4.989850875	0	two.sided	Welch Two Sample t-test	0.999448188432275
35	240436_at|MIPEPP3	Incipent	Control	7	8	-1.48178467834642	-4.00436825641346	12.998839815582	0.00149994824350623	-0.873417971737291	-0.261253671119851	2.34064642857143	2.90798225	0	two.sided	Welch Two Sample t-test	0.999448188432275
36	224419_x_at|PMCHL1	Incipent	Control	7	8	-1.26551091124359	-4.00247680305733	12.9709403124256	0.00151143789317615	-0.523128255485788	-0.156311637371355	1.66751442857143	2.007234375	0	two.sided	Welch Two Sample t-test	0.999448188432275
37	236564_at|LINC01128	Incipent	Control	7	8	1.58936824859675	4.37067439308103	9.59190443881253	0.00154280949430082	0.325705097688191	1.01120175945467	3.02471642857143	2.356263	0	two.sided	Welch Two Sample t-test	0.999448188432275
38	1558793_at|FRY-AS1	Incipent	Control	7	8	1.19888034134762	4.50986955013077	8.81732345098891	0.00154594608517881	0.130009033794475	0.393366311134097	1.89402558971429	1.63233791725	0	two.sided	Welch Two Sample t-test	0.999448188432275
39	1553357_at|FGF13	Incipent	Control	7	8	-1.43189043273909	-4.02214414295087	12.551052801057	0.00155173127624299	-0.797121090897743	-0.238721114709399	6.86132898557143	7.379250088375	0	two.sided	Welch Two Sample t-test	0.999448188432275
40	1558631_at|PPARA	Incipent	Control	7	8	1.39197612402543	4.13876947782941	10.804168809324	0.00171096984799367	0.222833537726655	0.731435393201916	3.68860230471429	3.21146783925	0	two.sided	Welch Two Sample t-test	0.999448188432275
41	236487_at|SCLT1	Incipent	Control	7	8	-1.28696017560879	-3.94200339193999	12.882431618826	0.00171513276487676	-0.563620681983971	-0.164314139444601	2.07473971428571	2.438707125	0	two.sided	Welch Two Sample t-test	0.999448188432275
42	211054_at|INVS	Incipent	Control	7	8	1.27525148941475	4.2436835186126	9.86429402958928	0.00175946840466643	0.166260373828098	0.535303197600474	4.01745428571429	3.6666725	0	two.sided	Welch Two Sample t-test	0.999448188432275
43	1554037_a_at|ZBTB24	Incipent	Control	7	8	-1.26055151257016	-4.14537800970637	10.4390200700508	0.00182011298606064	-0.512591209592093	-0.155518940979334	4.64607862771429	4.980133703	0	two.sided	Welch Two Sample t-test	0.999448188432275
44	214850_at|GUSBP14	Incipent	Control	7	8	1.79880892399226	3.90932009336614	12.8501305122889	0.00183209541830207	0.37839402478467	1.31568986807247	5.54092857142857	4.693886625	0	two.sided	Welch Two Sample t-test	0.999448188432275
45	228365_at|CPNE8	Incipent	Control	7	8	-1.36360391139384	-3.8922007668893	12.9958966704267	0.00185435852792287	-0.695775963202881	-0.199073322511405	1.82170285714286	2.2691275	0	two.sided	Welch Two Sample t-test	0.999448188432275
46	215670_s_at|SCAND2P	Incipent	Control	7	8	1.34814799101985	4.13901041387386	10.1358621923107	0.00195795000083602	0.199392385564589	0.662565364435411	5.641814	5.210835125	0	two.sided	Welch Two Sample t-test	0.999448188432275
47	1552334_at|TRIOBP	Incipent	Control	7	8	1.70326800060274	4.01276700798229	11.1594486494957	0.00198412100272889	0.347626735461611	1.1889841718241	3.18449478514286	2.4161893315	0	two.sided	Welch Two Sample t-test	0.999448188432275
48	227713_at|KATNAL1	Incipent	Control	7	8	-1.59093899684354	-3.84799987135949	12.9916646681689	0.00201739871192744	-1.04599052215266	-0.293766513561628	5.24825685714286	5.918135375	0	two.sided	Welch Two Sample t-test	0.999448188432275
49	204155_s_at|SIK3	Incipent	Control	7	8	1.34964675417983	3.91294654490713	12.1102464314761	0.0020269493610403	0.191953946810671	0.673209767475043	5.40962385714286	4.977042	0	two.sided	Welch Two Sample t-test	0.999448188432275
50	212660_at|JADE2	Incipent	Control	7	8	-1.3514499552661	-4.06538782196458	10.5020972825058	0.00205038247521218	-0.671116966031399	-0.197899212540031	3.81252828571429	4.247036375	0	two.sided	Welch Two Sample t-test	0.999448188432275
51	210078_s_at|KCNAB1	Incipent	Control	7	8	-1.4805537398388	-3.84007341003963	12.8748517279449	0.00208015514521573	-0.884952100011979	-0.247321614273736	6.07617414285714	6.642311	0	two.sided	Welch Two Sample t-test	0.999448188432275
52	225250_at|STIM2	Incipent	Control	7	8	-1.22158017466362	-3.83388989223921	12.9086687559211	0.00209507455306924	-0.451573331441591	-0.125923775701266	2.12875157142857	2.417500125	0	two.sided	Welch Two Sample t-test	0.999448188432275
53	232090_at|DNM3OS	Incipent	Control	7	8	1.70241175522604	4.01345528648351	10.741364998928	0.00213697555821115	0.345398017503514	1.18976201821077	3.34952414285714	2.581944125	0	two.sided	Welch Two Sample t-test	0.999448188432275
54	213038_at|RNF19B	Incipent	Control	7	8	-1.38253934282373	-3.84261177210355	12.4411585079003	0.00219746300044962	-0.731259238121668	-0.203381833306904	3.50040371428571	3.96772425	0	two.sided	Welch Two Sample t-test	0.999448188432275
55	213479_at|NPTX2	Incipent	Control	7	8	-1.91371759190512	-4.01822718556084	10.5422946997238	0.00220024948530341	-1.45200923648629	-0.42074665637085	6.61354542857143	7.549923375	0	two.sided	Welch Two Sample t-test	0.999448188432275
56	235829_at|CAHM	Incipent	Control	7	8	1.54275480261028	3.81194352067635	12.7244357529989	0.0022379817043924	0.270227953163435	0.980789618265136	3.48075128571429	2.8552425	0	two.sided	Welch Two Sample t-test	0.999448188432275
57	232411_at|KCNJ6	Incipent	Control	7	8	-1.33329311556641	-3.83187298652946	12.3566113480848	0.00226834758371653	-0.650207544390157	-0.179780419895558	2.02724014285714	2.442234125	0	two.sided	Welch Two Sample t-test	0.999448188432275
58	206996_x_at|CACNB1	Incipent	Control	7	8	-1.28134792795421	-3.78697589032025	12.8795399077761	0.00229817839930359	-0.561893200704374	-0.153431335009911	3.47063985714286	3.828302125	0	two.sided	Welch Two Sample t-test	0.999448188432275
59	224036_s_at|LMBR1	Incipent	Control	7	8	-1.69196433802122	-3.78314484558058	12.8944843441787	0.00231040550894005	-1.1923157472502	-0.325082574178374	2.98628971428571	3.744988875	0	two.sided	Welch Two Sample t-test	0.999448188432275
60	210836_x_at|PDE4D	Incipent	Control	7	8	-1.58584552832533	-3.83706340481122	12.1322607251646	0.00231993903833409	-1.04254847931262	-0.28795602068738	3.58013	4.24538225	0	two.sided	Welch Two Sample t-test	0.999448188432275
61	241727_x_at|DHFR2	Incipent	Control	7	8	1.21445420488175	3.76525489732271	12.9505843054209	0.00237290940025784	0.119414923255783	0.441201255315646	4.51029171428571	4.229983625	0	two.sided	Welch Two Sample t-test	0.999448188432275
62	231234_at|CTSC	Incipent	Control	7	8	-1.30298271570425	-3.77118731559472	12.2048138395592	0.00259089664280828	-0.602004334538867	-0.161631558318277	1.68333742857143	2.065155375	0	two.sided	Welch Two Sample t-test	0.999448188432275
63	1553044_at|GJA10	Incipent	Control	7	8	-1.19894840382548	-3.79636339375083	11.798664261357	0.00262187154162503	-0.412289466982149	-0.111249681803565	1.63622734185714	1.89799691625	0	two.sided	Welch Two Sample t-test	0.999448188432275
64	232253_at|IRF1-AS1	Incipent	Control	7	8	1.2900041246971	4.20897616348378	8.34023557766634	0.00269700509369489	0.167519056374767	0.567232300768091	2.97538542857143	2.60800975	0	two.sided	Welch Two Sample t-test	0.999448188432275
65	1556655_s_at|CDK12	Incipent	Control	7	8	1.35332239566439	3.67776479824717	12.9962029681293	0.00278698318871376	0.180088692854401	0.692922440645599	5.542275449	5.10576988225	0	two.sided	Welch Two Sample t-test	0.999448188432275
66	244166_at|LOC105373334	Incipent	Control	7	8	1.30631103533176	3.68961542184273	12.7760042415257	0.00279921824942498	0.159375834112793	0.61162105874435	3.93112357142857	3.545625125	0	two.sided	Welch Two Sample t-test	0.999448188432275
67	228716_at|THRB	Incipent	Control	7	8	-1.58977831801109	-3.70798980827562	12.4940203463901	0.00280240323863097	-1.06011060025865	-0.27754061402707	4.64846914285714	5.31729475	0	two.sided	Welch Two Sample t-test	0.999448188432275
68	207168_s_at|MACROH2A1	Incipent	Control	7	8	-1.19272835062055	-3.67362964558469	12.9769292863543	0.0028155659296882	-0.403819635194248	-0.104711364805754	7.797997	8.0522625	0	two.sided	Welch Two Sample t-test	0.999448188432275
69	225959_s_at|ZNRF1	Incipent	Control	7	8	-1.49137273831369	-3.65312118836809	12.9932227096	0.00292221920349472	-0.917670603940088	-0.235611146059912	6.419505	6.996145875	0	two.sided	Welch Two Sample t-test	0.999448188432275
70	239357_at|ATP2B2	Incipent	Control	7	8	-1.25737804892413	-3.64744333876466	12.9746995166803	0.00296053945789498	-0.526163059318724	-0.134673904966991	6.42924914285714	6.759667625	0	two.sided	Welch Two Sample t-test	0.999448188432275
71	35254_at|TRAFD1	Incipent	Control	7	8	1.27870561242276	3.73525377250038	11.3200952017158	0.00313762423670243	0.146406532708754	0.562961788719817	3.02595428571429	2.671270125	0	two.sided	Welch Two Sample t-test	0.999448188432275
72	212063_at|CD44	Incipent	Control	7	8	1.58798201321599	3.6111203416067	12.9723480677666	0.00317397114822479	0.267955971933731	1.06643317092341	3.06504057142857	2.397846	0	two.sided	Welch Two Sample t-test	0.999448188432275
73	228502_at|RPS6KA6	Incipent	Control	7	8	-1.37562451564152	-3.74488719154283	11.1101118004875	0.00318415870255244	-0.730167211631295	-0.19000625265442	2.43836814285714	2.898454875	0	two.sided	Welch Two Sample t-test	0.999448188432275
74	236025_at|NCOR2	Incipent	Control	7	8	1.19678196466002	3.7363021655707	11.1841798910627	0.00319622311911777	0.106800045249296	0.411520633322133	2.12496071428571	1.865800375	0	two.sided	Welch Two Sample t-test	0.999448188432275
75	215143_at|DPY19L2P2	Incipent	Control	7	8	-1.65598942998193	-3.62700868538505	12.5727747161711	0.00322928376614152	-1.16263417615155	-0.29275275241988	5.39192728571429	6.11962075	0	two.sided	Welch Two Sample t-test	0.999448188432275
76	235823_at|ACSF3	Incipent	Control	7	8	1.23936815419653	3.62935691657305	12.4344347435619	0.00327010821201499	0.12445733784117	0.494752269301686	4.15640342857143	3.846798625	0	two.sided	Welch Two Sample t-test	0.999448188432275
77	230164_at|ZNF621	Incipent	Control	7	8	1.31453730936012	3.70067301927546	11.4241701025506	0.00328562404816551	0.160951050566414	0.628159128005014	5.75390571428571	5.359350625	0	two.sided	Welch Two Sample t-test	0.999448188432275
78	212221_x_at|IDS	Incipent	Control	7	8	-1.16487646412673	-3.73110014241207	10.956195048131	0.0033395534093766	-0.350123283110045	-0.0902306454613844	11.9200742857143	12.14025125	0	two.sided	Welch Two Sample t-test	0.999448188432275
79	240445_at|PCDHB15	Incipent	Control	7	8	1.43076861284038	3.58505941325308	12.8635546451492	0.00337773409646548	0.205034665653238	0.828546084346761	4.04444	3.527649625	0	two.sided	Welch Two Sample t-test	0.999448188432275
80	204586_at|BSN	Incipent	Control	7	8	-1.4319345690106	-4.08080405587125	8.04692681495509	0.00348683638078146	-0.810363682405767	-0.225567460451376	7.22238942857143	7.740355	0	two.sided	Welch Two Sample t-test	0.999448188432275
81	228091_at|STX17	Incipent	Control	7	8	1.49248035966226	3.58255788657168	12.5825147266528	0.00350669661707622	0.228159072341565	0.927264820515579	3.60337157142857	3.025659625	0	two.sided	Welch Two Sample t-test	0.999448188432275
82	201004_at|SSR4	Incipent	Control	7	8	-1.36758111968751	-3.56920611898288	12.7761247111704	0.00351616237634593	-0.725474516256736	-0.177778305171835	3.36240371428571	3.814030125	0	two.sided	Welch Two Sample t-test	0.999448188432275
83	218501_at|ARHGEF3	Incipent	Control	7	8	-1.46064370428682	-3.66434724187712	11.2213672417425	0.00360786002973388	-0.874132946897485	-0.219075660245373	6.56405557142857	7.110659875	0	two.sided	Welch Two Sample t-test	0.999448188432275
84	228938_at|MBP	Incipent	Control	7	8	1.80724471930087	3.62877961174236	11.524869494512	0.00368360486090398	0.338799391338479	1.36878435866152	4.45531	3.601518125	0	two.sided	Welch Two Sample t-test	0.999448188432275
85	227210_at|SFMBT2	Incipent	Control	7	8	1.5407343943808	3.58261406070367	12.1298220608603	0.00370367745477208	0.244806466799286	1.00242989034357	5.35119542857143	4.72757725	0	two.sided	Welch Two Sample t-test	0.999448188432275
86	219086_at|ZNF839	Incipent	Control	7	8	-1.48230763526042	-3.59411791720605	11.9554035384978	0.00370639490340068	-0.912224187860531	-0.223465597853755	3.11280785714286	3.68065275	0	two.sided	Welch Two Sample t-test	0.999448188432275
87	212934_at|UBXN2B	Incipent	Control	7	8	-1.43100666632676	-3.550267180658	12.5112468355036	0.0037574892474502	-0.832901864727757	-0.20115892098653	5.34015885714286	5.85718925	0	two.sided	Welch Two Sample t-test	0.999448188432275
88	215283_at|LINC00667	Incipent	Control	7	8	1.27890935820817	3.54859058416002	12.4871481085446	0.00377994203294366	0.137938138857185	0.571889896857102	6.46029914285714	6.105385125	0	two.sided	Welch Two Sample t-test	0.999448188432275
89	201243_s_at|ATP1B1	Incipent	Control	7	8	-1.27337639738752	-3.52106000438108	12.8550406677929	0.0038192632063217	-0.56282629607926	-0.134491561063596	10.7846785714286	11.1333375	0	two.sided	Welch Two Sample t-test	0.999448188432275
90	200021_at|CFL1	Incipent	Control	7	8	-1.22395743999736	-3.53304706969566	12.5780295335337	0.00385142486044797	-0.470440785008536	-0.11266600070575	10.4145128571429	10.70606625	0	two.sided	Welch Two Sample t-test	0.999448188432275
91	1556181_at|ANKRD65	Incipent	Control	7	8	1.40741040455513	3.65423125897664	10.8640657953976	0.0038696127833822	0.195623641705946	0.790462525436912	5.41224331957143	4.919200236	0	two.sided	Welch Two Sample t-test	0.999448188432275
92	204165_at|WASF1	Incipent	Control	7	8	-1.19665502122153	-3.55365338027435	12.076736231942	0.0039326512607926	-0.417697793792387	-0.100316813350472	9.17768757142857	9.436694875	0	two.sided	Welch Two Sample t-test	0.999448188432275
93	238298_at|LINC00845	Incipent	Control	7	8	-1.27767789728624	-3.58260839541051	11.5396321195486	0.00399423689747109	-0.569479966277495	-0.137568390865362	1.87775257142857	2.23127675	0	two.sided	Welch Two Sample t-test	0.999448188432275
94	222056_s_at|FAHD2A	Incipent	Control	7	8	1.44115286778716	3.50481645047109	12.7232225059729	0.00399680511761783	0.201522812688448	0.852923937311553	5.049959	4.522735625	0	two.sided	Welch Two Sample t-test	0.999448188432275
95	213055_at|CD47	Incipent	Control	7	8	-1.28005341903501	-3.91262344366565	8.46508494260203	0.00399849489250907	-0.564151056327922	-0.148256979386365	7.03576385714286	7.391967875	0	two.sided	Welch Two Sample t-test	0.999448188432275
96	1555815_a_at|L3MBTL2	Incipent	Control	7	8	1.37499201744383	3.48850397437088	12.9911350808711	0.00400506858840428	0.174890837862407	0.743955648244736	3.02293796542857	2.563514722375	0	two.sided	Welch Two Sample t-test	0.999448188432275
97	214679_x_at|GNA11	Incipent	Control	7	8	1.30208860510654	3.78505313013779	9.37641286199352	0.00400797544198587	0.154609196310588	0.607046053689412	5.727539	5.346711375	0	two.sided	Welch Two Sample t-test	0.999448188432275
98	205438_at|PTPN21	Incipent	Control	7	8	1.25223595331788	3.72169563652576	9.89146928687354	0.00403917686278101	0.129938615516168	0.51907424162669	3.94914742857143	3.624641	0	two.sided	Welch Two Sample t-test	0.999448188432275
99	214700_x_at|RIF1	Incipent	Control	7	8	-1.23752241846029	-3.57765986821629	11.4724360103449	0.00406592246370381	-0.495655535329242	-0.119253786099328	5.38044871428571	5.687903375	0	two.sided	Welch Two Sample t-test	0.999448188432275
100	227580_s_at|TECPR1	Incipent	Control	7	8	1.5088549711359	3.59816695669355	11.1537030953444	0.00409391380892937	0.231049884416205	0.95585840129808	3.59020214285714	2.996748	0	two.sided	Welch Two Sample t-test	0.999448188432275
101	215756_at|BTG2-DT	Incipent	Control	7	8	-1.28336681974919	-3.62564831425423	10.6839020232932	0.00417634462083171	-0.579226107324084	-0.140641071247344	2.33698328571429	2.696916875	0	two.sided	Welch Two Sample t-test	0.999448188432275
102	228061_at|CCDC126	Incipent	Control	7	8	-1.33363558042286	-3.46828052958788	12.9088412236117	0.00419969660955084	-0.67427810794528	-0.156450892054719	5.466025	5.8813895	0	two.sided	Welch Two Sample t-test	0.999448188432275
103	215208_x_at|RPL35A	Incipent	Control	7	8	1.23890149390052	3.4774023222936	12.7429568680607	0.00420123724457303	0.116659699288895	0.501463264996819	8.41442485714286	8.105363375	0	two.sided	Welch Two Sample t-test	0.999448188432275
104	201478_s_at|DKC1	Incipent	Control	7	8	1.65464853249329	4.07150406188618	7.40343188276434	0.00421090605005444	0.309194637135747	1.14385497000711	6.18735142857143	5.460826625	0	two.sided	Welch Two Sample t-test	0.999448188432275
105	214814_at|YTHDC1	Incipent	Control	7	8	1.20979816286354	3.60041937221259	10.8118557632853	0.0042809540820256	0.106440661165143	0.443092088834856	5.567907	5.293140625	0	two.sided	Welch Two Sample t-test	0.999448188432275
106	241703_at|RUNDC3B	Incipent	Control	7	8	-1.40563435446966	-3.45464135863038	12.913616216026	0.00430853611351477	-0.798616883050547	-0.183825831235169	6.08924214285714	6.5804635	0	two.sided	Welch Two Sample t-test	0.999448188432275
107	201893_x_at|DCN	Incipent	Control	7	8	1.60861148831566	3.51529921254055	11.8538391464455	0.00433631252179472	0.260159254999202	1.11147260214366	4.08999842857143	3.4041825	0	two.sided	Welch Two Sample t-test	0.999448188432275
108	225733_at|B3GALT6	Incipent	Control	7	8	-1.41923755333875	-3.46207678396525	12.6055556572141	0.00439001330038621	-0.82131884491814	-0.188913333653288	4.19750828571429	4.702624375	0	two.sided	Welch Two Sample t-test	0.999448188432275
109	203011_at|IMPA1	Incipent	Control	7	8	-1.35049881598334	-3.65267980341748	10.0532476465404	0.00440384481382039	-0.697733496029793	-0.169251253970207	6.642815	7.076307375	0	two.sided	Welch Two Sample t-test	0.999448188432275
110	242328_at|RAB3C	Incipent	Control	7	8	-1.79697796004542	-3.5368131305726	11.4128229314912	0.00440926400314109	-1.36946595758218	-0.321679470989247	5.44897428571429	6.294547	0	two.sided	Welch Two Sample t-test	0.999448188432275
111	236203_at|HLA-DQA1	Incipent	Control	7	8	-1.3220933407091	-3.43455917526908	12.9385960961289	0.00446581235556377	-0.656326273366893	-0.149321798061679	1.38148421428571	1.78430825	0	two.sided	Welch Two Sample t-test	0.999448188432275
112	217050_at|DIAPH2-AS1	Incipent	Control	7	8	-1.37796788782529	-3.43467062703773	12.898330872534	0.00448345724316456	-0.753709366606269	-0.171375169108017	3.60526485714286	4.067807125	0	two.sided	Welch Two Sample t-test	0.999448188432275
113	206534_at|GRIN2A	Incipent	Control	7	8	-1.48287141289185	-3.42802642293769	12.9999693567171	0.00449377970109374	-0.92659954764102	-0.210187452358978	6.489646	7.0580395	0	two.sided	Welch Two Sample t-test	0.999448188432275
114	242443_at|ZC3H14	Incipent	Control	7	8	-1.21716725615983	-3.5808109049218	10.707750565573	0.00449619352323438	-0.458382790547709	-0.108672066595149	1.41389357142857	1.697421	0	two.sided	Welch Two Sample t-test	0.999448188432275
115	206935_at|PCDH8	Incipent	Control	7	8	-1.56686625131577	-3.42856318653482	12.9502611473599	0.00451201122624049	-1.05627780591531	-0.239486265513265	7.47023271428571	8.11811475	0	two.sided	Welch Two Sample t-test	0.999448188432275
116	203820_s_at|IGF2BP3	Incipent	Control	7	8	-1.52436902316385	-3.53063378497117	11.3033724498504	0.00452249970672256	-0.986131746108092	-0.230292646749051	1.79513442857143	2.403346625	0	two.sided	Welch Two Sample t-test	0.999448188432275
117	214740_at|POLR2J3	Incipent	Control	7	8	1.70744673274683	3.46889380364915	12.2011737848355	0.00453395632837202	0.287932417219917	1.25574872563723	4.72919757142857	3.957357	0	two.sided	Welch Two Sample t-test	0.999448188432275
118	219913_s_at|CRNKL1	Incipent	Control	7	8	-1.48179445412093	-3.59778566294847	10.4394270044909	0.00454444907878384	-0.916712603103539	-0.21797807546789	2.26348228571429	2.830827625	0	two.sided	Welch Two Sample t-test	0.999448188432275
119	208248_x_at|APLP2	Incipent	Control	7	8	-1.27657225384203	-3.46120458245243	12.2255900074892	0.00458654402451261	-0.573577879249324	-0.13097251360782	9.62319942857143	9.975474625	0	two.sided	Welch Two Sample t-test	0.999448188432275
120	40489_at|ATN1	Incipent	Control	7	8	1.6134920442874	3.68479612209389	9.49423664754914	0.00459878177323477	0.269808190237835	1.11056473833359	4.87219071428571	4.18200425	0	two.sided	Welch Two Sample t-test	0.999448188432275
121	233220_at|GRIN3A	Incipent	Control	7	8	-1.36571484382162	-3.47354602681853	12.0014461156708	0.00460000243214243	-0.731703445559646	-0.167609125868926	4.71644471428571	5.166101	0	two.sided	Welch Two Sample t-test	0.999448188432275
122	220992_s_at|TRMT1L	Incipent	Control	7	8	-1.37842782774482	-3.59429017082028	10.3746809496569	0.00461667289759429	-0.748658150669451	-0.177389313616265	5.24498814285714	5.708011875	0	two.sided	Welch Two Sample t-test	0.999448188432275
123	1564238_a_at|WDR49	Incipent	Control	7	8	1.28452715004649	3.4467998181858	12.2792618540226	0.00468305858849695	0.133464379020823	0.58901038833632	2.24671117442857	1.88547379075	0	two.sided	Welch Two Sample t-test	0.999448188432275
124	236526_x_at|TRAPPC13	Incipent	Control	7	8	-1.2966468189857	-3.59720330050901	10.1077744832119	0.00478795300219972	-0.606595916988987	-0.142975225868156	1.44830342857143	1.823089	0	two.sided	Welch Two Sample t-test	0.999448188432275
125	1557664_at|LOC101929114	Incipent	Control	7	8	-1.27148126190491	-3.67306374370126	9.32052018134923	0.00483450655541094	-0.558804548788266	-0.134215852961734	1.556139146	1.902649346875	0	two.sided	Welch Two Sample t-test	0.999448188432275
126	225269_s_at|RBMS1	Incipent	Control	7	8	1.3568569461619	3.39069631147271	12.9787350979683	0.00483807500310768	0.159706495568296	0.720830754431703	9.058788	8.618519375	0	two.sided	Welch Two Sample t-test	0.999448188432275
127	212149_at|EFR3A	Incipent	Control	7	8	-1.47306109568441	-3.42241271112253	12.249101689812	0.00491750067516864	-0.913776710206503	-0.203857825507784	7.60599385714286	8.164811125	0	two.sided	Welch Two Sample t-test	0.999448188432275
128	204276_at|TK2	Incipent	Control	7	8	-1.47146108939905	-3.482485023394	11.2996359332157	0.00493075553446687	-0.908303661876903	-0.206195123837383	3.04468785714286	3.60193725	0	two.sided	Welch Two Sample t-test	0.999448188432275
129	210422_x_at|SLC11A1	Incipent	Control	7	8	1.32846624552857	3.38879189834826	12.7688971053476	0.00495922997760452	0.148055480515928	0.671467662341214	5.95023957142857	5.540478	0	two.sided	Welch Two Sample t-test	0.999448188432275
130	230153_at|NEK9	Incipent	Control	7	8	1.51154812309	3.55720465482798	10.247864141304	0.00501112553083523	0.223911795948219	0.968142025480352	3.31473428571429	2.718707375	0	two.sided	Welch Two Sample t-test	0.999448188432275
131	224665_at|ANAPC16	Incipent	Control	7	8	1.53362658387121	3.41453141341697	12.1230771973398	0.00506009983092257	0.223715963808067	1.01017853619193	4.524742	3.90779475	0	two.sided	Welch Two Sample t-test	0.999448188432275
132	238737_at|TCEANC2	Incipent	Control	7	8	1.21103076681734	3.36708783913999	12.9701146317632	0.00506675727317056	0.0989575873641401	0.453513448350145	2.28921414285714	2.012978625	0	two.sided	Welch Two Sample t-test	0.999448188432275
133	201036_s_at|HADH	Incipent	Control	7	8	-1.59097885405489	-3.43684904739978	11.6805310258363	0.00510922992981541	-1.09590329304486	-0.243926028383709	4.91801271428571	5.587927375	0	two.sided	Welch Two Sample t-test	0.999448188432275
134	1556097_at|HOMER2	Incipent	Control	7	8	-1.58909008536646	-3.42797545753579	11.8020392709816	0.00511928757229565	-1.09369922340861	-0.242702603091393	2.821748395	3.48994930825	0	two.sided	Welch Two Sample t-test	0.999448188432275
135	224202_at|SUFU	Incipent	Control	7	8	2.00480456820575	3.46030509839452	11.3077021569726	0.00512497750908167	0.367305671277658	1.63961754300806	4.57763785714286	3.57417625	0	two.sided	Welch Two Sample t-test	0.999448188432275
136	219685_at|TMEM35A	Incipent	Control	7	8	-1.37934096338116	-3.37795591874256	12.5342411991153	0.00518541587423471	-0.761841333236275	-0.166116916763725	2.307008	2.770987125	0	two.sided	Welch Two Sample t-test	0.999448188432275
137	1565703_at|SMAD4	Incipent	Control	7	8	-1.18915261862765	-3.38756148617497	12.3166757835876	0.00521021446547806	-0.410229230370239	-0.0896385412726184	2.48704567342857	2.73697955925	0	two.sided	Welch Two Sample t-test	0.999448188432275
138	228574_at|TMTC2	Incipent	Control	7	8	1.53184655065806	3.46822679237192	11.0119708695281	0.00524816296165163	0.224863498098826	1.00568007332975	5.68076528571429	5.0654935	0	two.sided	Welch Two Sample t-test	0.999448188432275
139	242239_at|NSUN6	Incipent	Control	7	8	1.32087464190023	3.39659936007295	12.0822012595342	0.00525495977318853	0.144142130761009	0.658844976381849	6.63475342857143	6.233259875	0	two.sided	Welch Two Sample t-test	0.999448188432275
140	203733_at|DEXI	Incipent	Control	7	8	-1.53376890347408	-3.72643414740755	8.45825034256521	0.00526935607870295	-0.995373945072654	-0.238788304927347	3.567349	4.184430125	0	two.sided	Welch Two Sample t-test	0.999448188432275
141	216981_x_at|SPN	Incipent	Control	7	8	1.17202248677052	3.35299794890453	12.8427744286271	0.00527081321852748	0.0812693696154018	0.376731130384599	7.336105	7.10710475	0	two.sided	Welch Two Sample t-test	0.999448188432275
142	208704_x_at|APLP2	Incipent	Control	7	8	-1.23362749159879	-3.36206531384508	12.6687913856281	0.00527097398849916	-0.498064767423186	-0.107748875433957	9.46565342857143	9.76856025	0	two.sided	Welch Two Sample t-test	0.999448188432275
143	201221_s_at|SNRNP70	Incipent	Control	7	8	1.19264908991211	3.66357336029514	8.93077294127644	0.00527513023713118	0.0970411361597362	0.411298113840264	6.667213	6.413043375	0	two.sided	Welch Two Sample t-test	0.999448188432275
144	243909_x_at|LINC00680	Incipent	Control	7	8	-1.75855376825699	-3.39433739330844	11.9638434454412	0.00534657929369515	-1.33731834339797	-0.291460549459171	2.36644842857143	3.180837875	0	two.sided	Welch Two Sample t-test	0.999448188432275
145	1562949_at|LINC00358	Incipent	Control	7	8	-1.13637348907302	-3.33829509315422	12.8147828802391	0.00543587410425501	-0.303970639878892	-0.0649035197282509	1.27173225157143	1.456169331375	0	two.sided	Welch Two Sample t-test	0.999448188432275
146	219989_s_at|ANKS1B	Incipent	Control	7	8	-1.4372196559575	-3.51381143201262	10.1710459648083	0.00545405418915841	-0.854342574276866	-0.192218568580277	3.46650342857143	3.989784	0	two.sided	Welch Two Sample t-test	0.999448188432275
147	207824_s_at|MAZ	Incipent	Control	7	8	1.23638648199026	3.33641142249964	12.6816160684841	0.00552717415120483	0.107399797795313	0.504859773633257	5.04031428571429	4.7341845	0	two.sided	Welch Two Sample t-test	0.999448188432275
148	210623_at|UBXN1	Incipent	Control	7	8	1.23042828334676	3.64568954912763	8.82648060614707	0.00553126319651346	0.112973106174889	0.485348036682252	4.89487557142857	4.595715	0	two.sided	Welch Two Sample t-test	0.999448188432275
149	1554001_at|TRIM37	Incipent	Control	7	8	-1.67377055807913	-3.49551053233239	10.2409326753511	0.00556777457492026	-1.21527000047788	-0.27093355062926	7.04959424857143	7.792696024125	0	two.sided	Welch Two Sample t-test	0.999448188432275
150	233136_at|PABPC5	Incipent	Control	7	8	-1.23455848104205	-3.33746361916146	12.5488576981351	0.00558951951126603	-0.501495404940161	-0.106494952202696	1.36344057142857	1.66743575	0	two.sided	Welch Two Sample t-test	0.999448188432275
151	210147_at|ART3	Incipent	Control	7	8	-1.39203930439607	-3.3484906779778	12.3330979156691	0.00559630122640938	-0.786779243800585	-0.167620649056558	1.98814742857143	2.465347375	0	two.sided	Welch Two Sample t-test	0.999448188432275
152	1568619_s_at|ITPRIPL2	Incipent	Control	7	8	1.60795446580614	3.45062426682623	10.7568451727216	0.00559759135986209	0.246945473738981	1.1235076317253	5.98527824285714	5.300051690125	0	two.sided	Welch Two Sample t-test	0.999448188432275
153	227823_at|RTL5	Incipent	Control	7	8	-1.27154043395104	-3.6597756227797	8.63389876205355	0.00561959044092815	-0.56219422079762	-0.130960457773808	4.09813628571429	4.444713625	0	two.sided	Welch Two Sample t-test	0.999448188432275
154	1561451_a_at|LOC101928551	Incipent	Control	7	8	1.34733304067563	3.37885414904824	11.7472101449037	0.00563608071199234	0.152094190297603	0.708118824952397	2.334495689	1.904389181375	0	two.sided	Welch Two Sample t-test	0.999448188432275
155	228085_at|MMP25-AS1	Incipent	Control	7	8	1.34984905534047	3.3374035841524	12.4182103448531	0.00566439896092771	0.151299055859699	0.71429712271173	2.81893271428571	2.386134625	0	two.sided	Welch Two Sample t-test	0.999448188432275
156	215600_x_at|FBXW12	Incipent	Control	7	8	1.13733561146243	3.30836875553819	12.8710520651479	0.00572501547680782	0.0642995397311161	0.307016531697457	10.7374742857143	10.55181625	0	two.sided	Welch Two Sample t-test	0.999448188432275
157	218737_at|SBNO1	Incipent	Control	7	8	-1.37270359676019	-3.31900601531838	12.5873288739191	0.00576617224697373	-0.755492801161996	-0.15854748455229	5.85741685714286	6.314437	0	two.sided	Welch Two Sample t-test	0.999448188432275
158	242586_at|FSD1L	Incipent	Control	7	8	-1.64636532240306	-3.29671826607822	12.9992584187772	0.00578452284142584	-1.19064073212037	-0.247928267879627	2.414816	3.1341005	0	two.sided	Welch Two Sample t-test	0.999448188432275
159	222125_s_at|P4HTM	Incipent	Control	7	8	1.25851275589779	3.42718164054766	10.7692785763977	0.00582172489655431	0.118126434037928	0.545313244533501	3.45100371428571	3.119283875	0	two.sided	Welch Two Sample t-test	0.999448188432275
160	206320_s_at|SMAD9	Incipent	Control	7	8	1.33496684395892	3.57013443093784	9.18625936720418	0.0058284073582325	0.153516968566095	0.680090852862476	2.91751028571429	2.500706375	0	two.sided	Welch Two Sample t-test	0.999448188432275
161	235433_at|APOOL	Incipent	Control	7	8	-1.35143620512957	-3.45164041328252	10.4448343991029	0.00582905756920496	-0.71336135432833	-0.155625467100243	6.20372071428571	6.638214125	0	two.sided	Welch Two Sample t-test	0.999448188432275
162	1560631_at|CALCOCO2	Incipent	Control	7	8	-1.64840461806625	-3.51591774132068	9.70948235094998	0.00583269706635322	-1.17989372997269	-0.262247091027308	2.449597232	3.1706676425	0	two.sided	Welch Two Sample t-test	0.999448188432275
163	235953_at|ZNF610	Incipent	Control	7	8	-1.28083738371824	-3.29817950025829	12.8779377765845	0.00583403996044372	-0.591211693728313	-0.12296294912883	2.79435742857143	3.15144475	0	two.sided	Welch Two Sample t-test	0.999448188432275
164	227319_at|KLHL36	Incipent	Control	7	8	-1.51938324953409	-3.29177101613909	12.98288455629	0.00584869423159721	-0.999602861228706	-0.207368781628437	4.30876942857143	4.91225525	0	two.sided	Welch Two Sample t-test	0.999448188432275
165	201598_s_at|INPPL1	Incipent	Control	7	8	1.29028228719086	3.33444555118538	12.003181767761	0.00594693217630196	0.12743778967581	0.607935674609905	5.33228485714286	4.964598125	0	two.sided	Welch Two Sample t-test	0.999448188432275
166	213329_at|SRGAP2	Incipent	Control	7	8	1.69240638733647	3.51664737398826	9.5604674508761	0.00596555139753689	0.275113340900852	1.24303873052772	5.51468528571429	4.75560925	0	two.sided	Welch Two Sample t-test	0.999448188432275
167	213850_s_at|SCAF11	Incipent	Control	7	8	1.37767839307687	3.2813592324777	12.954533868941	0.00598255697635626	0.15780330581319	0.766674979901094	7.01996914285714	6.55773	0	two.sided	Welch Two Sample t-test	0.999448188432275
168	224596_at|SLC44A1	Incipent	Control	7	8	1.49462282988522	3.35141005141401	11.5940885234174	0.00602863837412395	0.201386150604677	0.958176777966751	4.75127971428571	4.17149825	0	two.sided	Welch Two Sample t-test	0.999448188432275
169	212494_at|TNS2	Incipent	Control	7	8	1.38456210512329	3.38672918924658	11.0529361642134	0.00603036720038452	0.164532480982652	0.774327054731632	5.57888314285714	5.109453375	0	two.sided	Welch Two Sample t-test	0.999448188432275
170	1558115_at|RECK	Incipent	Control	7	8	1.19732924019298	3.27475054427394	12.996974566499	0.006035527824976	0.0884114144862043	0.431228420370939	2.49274305942857	2.232923142	0	two.sided	Welch Two Sample t-test	0.999448188432275
171	215687_x_at|PLCB1	Incipent	Control	7	8	-1.35992104470365	-3.28983672196336	12.5712061911026	0.00610337557550978	-0.735788418891894	-0.151257366822391	3.80660385714286	4.25012675	0	two.sided	Welch Two Sample t-test	0.999448188432275
172	227405_s_at|FZD8	Incipent	Control	7	8	1.49541886988053	3.2794659940295	12.5390536416818	0.00624372884201916	0.19667489624215	0.964424389472136	4.13525314285714	3.5547035	0	two.sided	Welch Two Sample t-test	0.999448188432275
173	243521_at|ZXDA	Incipent	Control	7	8	-1.58867496004335	-3.26648241225239	12.6882076973939	0.00630943955018139	-1.11061167786353	-0.225036286422184	4.42750314285714	5.095327125	0	two.sided	Welch Two Sample t-test	0.999448188432275
174	235866_at|C9orf85	Incipent	Control	7	8	1.39953105494516	3.25018169623251	12.9773714846768	0.00633886915255967	0.162548457381647	0.807338542618352	2.987679	2.5027355	0	two.sided	Welch Two Sample t-test	0.999448188432275
175	1555573_at|CFAP46	Incipent	Control	7	8	-1.22045855110459	-3.27132600195843	12.4954829696022	0.00636720058550572	-0.478018333475302	-0.0968282655604117	1.47834269985714	1.765765999375	0	two.sided	Welch Two Sample t-test	0.999448188432275
176	228749_at|ZDBF2	Incipent	Control	7	8	-1.27069501425124	-3.27047023156106	12.5061799233102	0.00637095792403258	-0.574841716430861	-0.116393890711997	4.21030757142857	4.555925375	0	two.sided	Welch Two Sample t-test	0.999448188432275
177	218208_at|SLC66A2	Incipent	Control	7	8	-1.21906047471232	-3.3209955060965	11.5603504356548	0.00639551761929797	-0.474049119905601	-0.0974902729515394	8.11051242857143	8.396282125	0	two.sided	Welch Two Sample t-test	0.999448188432275
178	227891_s_at|TAF15	Incipent	Control	7	8	1.4756143582457	3.29584936765105	11.9594402666404	0.00641661910198068	0.190102741748393	0.93252872253732	4.59436085714286	4.033045125	0	two.sided	Welch Two Sample t-test	0.999448188432275
179	213184_at|SENP5	Incipent	Control	7	8	-1.37623089447416	-3.23788219076978	12.9988634385641	0.00647822278896719	-0.768126978954605	-0.153318092473966	3.36113171428571	3.82185425	0	two.sided	Welch Two Sample t-test	0.999448188432275
180	203575_at|CSNK2A2	Incipent	Control	7	8	-1.40363105049538	-3.31428576523703	11.4610528771148	0.00654568389377726	-0.812425421356542	-0.165902114357744	4.06853585714286	4.557699625	0	two.sided	Welch Two Sample t-test	0.999448188432275
181	230376_at|GTF2A2	Incipent	Control	7	8	-1.23522368521493	-3.30467284581354	11.5062440546184	0.00662745026924313	-0.506673110207085	-0.102871532650058	2.51903042857143	2.82380275	0	two.sided	Welch Two Sample t-test	0.999448188432275
182	206438_x_at|TCTN2	Incipent	Control	7	8	1.22509804591563	3.28528062732503	11.8108752409481	0.00664518965608806	0.0983009259502039	0.487493502621225	9.13215071428571	8.8392535	0	two.sided	Welch Two Sample t-test	0.999448188432275
183	227066_at|MOB3C	Incipent	Control	7	8	-1.38913597267976	-3.2899537927473	11.7242547858974	0.00664897581560754	-0.78904572899566	-0.159329913861484	3.16315642857143	3.63734425	0	two.sided	Welch Two Sample t-test	0.999448188432275
184	212458_at|SPRED2	Incipent	Control	7	8	-1.60432118704118	-3.23526309405747	12.7030715757677	0.0066866213977749	-1.13843278075605	-0.225493219243946	5.492454	6.174417	0	two.sided	Welch Two Sample t-test	0.999448188432275
185	227810_at|ZNF558	Incipent	Control	7	8	1.36879493019339	3.32189859064689	11.0505423750598	0.00676783281183912	0.152992255609105	0.752820387248038	4.62183257142857	4.16892625	0	two.sided	Welch Two Sample t-test	0.999448188432275
186	213351_s_at|TMCC1	Incipent	Control	7	8	-1.29084868225556	-3.30361176230977	11.3303797457252	0.00677140633422985	-0.612837710927561	-0.123802074786726	5.14185685714286	5.51017675	0	two.sided	Welch Two Sample t-test	0.999448188432275
187	244769_at|LINC01184	Incipent	Control	7	8	1.54709143492909	3.27515429633146	11.7910763241138	0.00678409000374099	0.209917004649164	1.04919992392226	3.55689571428571	2.92733725	0	two.sided	Welch Two Sample t-test	0.999448188432275
188	224413_s_at|TM2D2	Incipent	Control	7	8	-1.39900252991141	-3.21222244580718	12.8979646193706	0.00686658794234216	-0.81044126719046	-0.158355875666683	5.11853942857143	5.602938	0	two.sided	Welch Two Sample t-test	0.999448188432275
189	230501_at|NDUFA10	Incipent	Control	7	8	-1.47438146474306	-3.39794826760456	9.91814199141562	0.00687375853383391	-0.927802336198444	-0.192417342372985	1.70904728571429	2.269157125	0	two.sided	Welch Two Sample t-test	0.999448188432275
190	219012_s_at|EMSY	Incipent	Control	7	8	-1.27124429843531	-3.26422669884816	11.8391741213563	0.0068874333171397	-0.57769984360429	-0.114782763538568	2.28889857142857	2.635139875	0	two.sided	Welch Two Sample t-test	0.999448188432275
191	223965_at|TRNAU1AP	Incipent	Control	7	8	1.42000695906465	3.38004883938681	9.87978767983565	0.00712126850612534	0.171857604419902	0.839938395580098	3.391807	2.885909	0	two.sided	Welch Two Sample t-test	0.999448188432275
192	237020_at|CATSPERD	Incipent	Control	7	8	-1.26874693693668	-3.31526334177299	10.6995081340767	0.00714195504942865	-0.572172225135743	-0.114636453435686	1.46341128571429	1.806815625	0	two.sided	Welch Two Sample t-test	0.999448188432275
193	203735_x_at|PPFIBP1	Incipent	Control	7	8	1.16866379181669	3.29854124716198	10.9447701309602	0.00714229814339152	0.0747274354526313	0.374992457404512	7.75582657142857	7.530966625	0	two.sided	Welch Two Sample t-test	0.999448188432275
194	208262_x_at|MEFV	Incipent	Control	7	8	1.17741255018939	3.28364649098986	11.1617183812538	0.00715314291776653	0.0779657068570163	0.393274114571554	6.12626228571429	5.890642375	0	two.sided	Welch Two Sample t-test	0.999448188432275
195	209619_at|CD74	Incipent	Control	7	8	1.47839194724344	3.31069652503257	10.7108194813416	0.00718930700241535	0.187817765013076	0.940239842129781	8.53055542857143	7.966526625	0	two.sided	Welch Two Sample t-test	0.999448188432275
196	201141_at|GPNMB	Incipent	Control	7	8	1.70322616508177	3.22776473518406	12.0492255310654	0.00721436571851897	0.249905588288731	1.28663444742555	7.18070514285714	6.412435125	0	two.sided	Welch Two Sample t-test	0.999448188432275
197	223696_at|ARSD	Incipent	Control	7	8	1.32557260864224	3.27144100547523	11.2694421197364	0.00722384475035714	0.133845566000927	0.679385826856216	4.55668857142857	4.150072875	0	two.sided	Welch Two Sample t-test	0.999448188432275
198	220227_at|CDH4	Incipent	Control	7	8	-1.42287776736281	-3.239038014295	11.7189299657189	0.00730343629527072	-0.85198822299426	-0.165635241291455	3.71793814285714	4.226749875	0	two.sided	Welch Two Sample t-test	0.999448188432275
199	1557165_s_at|KLHL18	Incipent	Control	7	8	-1.40543490741613	-3.18329073465521	12.786081642512	0.00732911773538434	-0.824817079618091	-0.157216194346195	2.76391692614286	3.254933563125	0	two.sided	Welch Two Sample t-test	0.999448188432275
200	213530_at|RAB3GAP1	Incipent	Control	7	8	-1.32280796987371	-3.17497139435753	12.8277784699756	0.00741980456270451	-0.67860584801121	-0.128601437703076	4.42889385714286	4.8324975	0	two.sided	Welch Two Sample t-test	0.999448188432275
201	235006_at|CDKN2AIPNL	Incipent	Control	7	8	1.40225281785091	3.18997258416288	12.4829040832401	0.00743414196038057	0.156029981130362	0.819462983155353	5.22801185714286	4.740265375	0	two.sided	Welch Two Sample t-test	0.999448188432275
202	241672_at|SERTM1	Incipent	Control	7	8	-2.02189126202414	-3.37469806275079	9.50252163285128	0.00758802075638017	-1.69111272809913	-0.34029809332944	2.23070271428571	3.246408125	0	two.sided	Welch Two Sample t-test	0.999448188432275
203	205756_s_at|F8	Incipent	Control	7	8	-1.58069429103611	-3.21252710487725	11.8004549553083	0.00760508251700326	-1.10940655330151	-0.211710196698489	2.12954	2.790098375	0	two.sided	Welch Two Sample t-test	0.999448188432275
204	231720_s_at|JAM3	Incipent	Control	7	8	1.35671366159634	3.21183084092825	11.8055942258526	0.00761094350581292	0.141007966804081	0.739224568910206	4.27485314285714	3.834736875	0	two.sided	Welch Two Sample t-test	0.999448188432275
205	1570173_at|INTS7	Incipent	Control	7	8	-1.15019200690482	-3.50372322530661	8.23203051932963	0.00768117318634685	-0.334091164016044	-0.0696582701268129	1.46009620642857	1.6619709235	0	two.sided	Welch Two Sample t-test	0.999448188432275
206	201978_s_at|DELE1	Incipent	Control	7	8	1.27461608129773	3.15251966151011	12.8997580049082	0.00769870673264852	0.109981010008729	0.590144525705558	4.75959614285714	4.409533375	0	two.sided	Welch Two Sample t-test	0.999448188432275
207	228714_at|CHROMR	Incipent	Control	7	8	1.2802508983541	3.38211573303296	9.31868629013964	0.007707122409547	0.119264622988356	0.593588519868787	2.09534457142857	1.738918	0	two.sided	Welch Two Sample t-test	0.999448188432275
208	211085_s_at|STK4	Incipent	Control	7	8	1.48477560351171	3.3745542718894	9.359115873798	0.00775437988653184	0.190201327447787	0.950288493980785	2.48447328571429	1.914228375	0	two.sided	Welch Two Sample t-test	0.999448188432275
209	209762_x_at|SP110	Incipent	Control	7	8	1.46351319184581	3.35493524136598	9.56899074752447	0.00776203033339368	0.182294584191391	0.91657691580861	2.870114	2.32067825	0	two.sided	Welch Two Sample t-test	0.999448188432275
210	1558423_at|LINC00265	Incipent	Control	7	8	1.47379422390503	3.15362517688583	12.4891098264874	0.00795857631034269	0.174629513442495	0.944440695700361	6.97268752357143	6.413152419	0	two.sided	Welch Two Sample t-test	0.999448188432275
211	238081_at|WDFY3-AS2	Incipent	Control	7	8	-1.18718971615038	-3.17731635444072	11.9992541072685	0.00796131907691306	-0.41730694342434	-0.0777940565756602	1.862295	2.1098455	0	two.sided	Welch Two Sample t-test	0.999448188432275
212	238254_at|ZNF677	Incipent	Control	7	8	-1.22539690036488	-3.17304566126709	12.0318609344565	0.00800005641517062	-0.494553275093624	-0.09194493919209	1.46921914285714	1.76246825	0	two.sided	Welch Two Sample t-test	0.999448188432275
213	214255_at|ATP10A	Incipent	Control	7	8	2.21806963797643	3.28989156585309	10.1394670725871	0.0080049758402404	0.372366020613519	1.92624330081505	5.50993228571429	4.360627625	0	two.sided	Welch Two Sample t-test	0.999448188432275
214	223784_at|CLTRN	Incipent	Control	7	8	-1.07686574159022	-3.21640997760305	11.1991997279765	0.00803568724432483	-0.17978942255576	-0.0338873631585259	1.49028285714286	1.59712125	0	two.sided	Welch Two Sample t-test	0.999448188432275
215	231738_at|PCDHB7	Incipent	Control	7	8	-1.2724066224152	-3.25441963309885	10.5566873146055	0.00807992512254062	-0.583826665662434	-0.111292905766137	2.03137271428571	2.3789325	0	two.sided	Welch Two Sample t-test	0.999448188432275
216	218375_at|NUDT9	Incipent	Control	7	8	-1.45411048680785	-3.24456202241394	10.6709442201394	0.00811006320266851	-0.907928080797999	-0.172345704916286	4.99126585714286	5.53140275	0	two.sided	Welch Two Sample t-test	0.999448188432275
217	225169_at|INTS4	Incipent	Control	7	8	1.12442996325696	3.18606783318423	11.6194102624867	0.00812868298163844	0.0530678100412699	0.285319797101586	4.09852242857143	3.929328625	0	two.sided	Welch Two Sample t-test	0.999448188432275
218	1560330_at|PCDH15	Incipent	Control	7	8	-1.19186190592579	-3.13315599953411	12.6315027880403	0.00817211540283391	-0.428334114174132	-0.0781000635044394	1.35975481728571	1.612971906125	0	two.sided	Welch Two Sample t-test	0.999448188432275
219	205791_x_at|ZNF230	Incipent	Control	7	8	1.23268566932736	3.29663685715785	9.86255465663089	0.00820786807678314	0.097434311371162	0.506175617200266	2.70036771428571	2.39856275	0	two.sided	Welch Two Sample t-test	0.999448188432275
220	244834_at|CPLANE2	Incipent	Control	7	8	-1.47401095834123	-3.11839822398021	12.8486696744128	0.0082540741735756	-0.947994587962403	-0.171499912037597	6.525138	7.08488525	0	two.sided	Welch Two Sample t-test	0.999448188432275
221	203389_at|KIF3C	Incipent	Control	7	8	-1.40564451518335	-3.17155971571499	11.7108177440457	0.00827267995074424	-0.829627043260415	-0.152836528168156	5.70589271428571	6.1971245	0	two.sided	Welch Two Sample t-test	0.999448188432275
222	209791_at|PADI2	Incipent	Control	7	8	1.47988478145593	3.11193783401298	12.9317525880619	0.00830049350892921	0.172703401582999	0.958266312702715	7.72160785714286	7.156123	0	two.sided	Welch Two Sample t-test	0.999448188432275
223	223250_at|KLHL7	Incipent	Control	7	8	-1.54908188845339	-3.16419593171763	11.7838770453348	0.0083262735119135	-1.06708026422922	-0.195746557199349	5.95113371428571	6.582547125	0	two.sided	Welch Two Sample t-test	0.999448188432275
224	237098_at|C1orf21	Incipent	Control	7	8	1.37282078741187	3.1090384877396	12.8898817442923	0.0083752175177248	0.139213369258044	0.775073237884814	4.19983942857143	3.742696125	0	two.sided	Welch Two Sample t-test	0.999448188432275
225	209062_x_at|NCOA3	Incipent	Control	7	8	1.42022362129027	3.17951058696213	11.4222595586555	0.00839120518107283	0.157336549435686	0.854899664850028	4.98820785714286	4.48208975	0	two.sided	Welch Two Sample t-test	0.999448188432275
226	208998_at|UCP2	Incipent	Control	7	8	1.52563771174317	3.16197310148763	11.7184674318671	0.00841331306584525	0.188364485353429	1.03046033607514	6.06176428571429	5.452351875	0	two.sided	Welch Two Sample t-test	0.999448188432275
227	215017_s_at|FNBP1L	Incipent	Control	7	8	-1.26883324948457	-3.11015669794861	12.7660399736971	0.00844244317166226	-0.582550522641514	-0.104454441644201	2.43731014285714	2.780812625	0	two.sided	Welch Two Sample t-test	0.999448188432275
228	239289_x_at|FAN1	Incipent	Control	7	8	-1.26472540071566	-3.20154095181139	10.9134274390875	0.00851166150535539	-0.571983583696338	-0.105664773446519	4.10178357142857	4.44060775	0	two.sided	Welch Two Sample t-test	0.999448188432275
229	215990_s_at|BCL6	Incipent	Control	7	8	1.47955142285202	3.26558748977691	9.94494525346622	0.00855425418638978	0.179256790771573	0.951062887799855	2.70342671428571	2.138266875	0	two.sided	Welch Two Sample t-test	0.999448188432275
230	218432_at|FBXO3	Incipent	Control	7	8	-1.3184945656902	-3.10133355576406	12.8035396831848	0.0085596434842376	-0.677190953575665	-0.120592296424335	1.687949	2.086840625	0	two.sided	Welch Two Sample t-test	0.999448188432275
231	228997_at|TRNAU1AP	Incipent	Control	7	8	1.53011464289201	3.11735830642402	12.418886925503	0.00857516036033229	0.18634797308693	1.04093152691307	4.808023	4.19438325	0	two.sided	Welch Two Sample t-test	0.999448188432275
232	238768_at|C2orf68	Incipent	Control	7	8	1.20355283983029	3.12821892371983	12.1744390169614	0.00858431620797569	0.0814201075393465	0.453178856746368	1.86266985714286	1.595370375	0	two.sided	Welch Two Sample t-test	0.999448188432275
233	1552897_a_at|KCNG3	Incipent	Control	7	8	-1.3969423460575	-3.0923357819024	12.9766291898236	0.00858820217576639	-0.819259534036637	-0.145285425463362	2.4144133	2.89668577975	0	two.sided	Welch Two Sample t-test	0.999448188432275
234	225996_at|LONRF2	Incipent	Control	7	8	-1.23221818501371	-3.15225557070086	11.6643456645635	0.00860960255600736	-0.510151079397947	-0.0923643848877694	8.57563414285714	8.876891875	0	two.sided	Welch Two Sample t-test	0.999448188432275
235	234474_x_at|IL6ST	Incipent	Control	7	8	1.29260991614925	3.28748885689063	9.61904583357929	0.00861451253772941	0.117966291214216	0.622607637357212	2.17731971428571	1.80703275	0	two.sided	Welch Two Sample t-test	0.999448188432275
236	244701_at|LINC00595	Incipent	Control	7	8	-1.16729005052228	-3.14384174543112	11.8165251548384	0.00861761322173018	-0.378091133711162	-0.0682350448602661	1.83898028571429	2.062143375	0	two.sided	Welch Two Sample t-test	0.999448188432275
237	243084_at|CALD1	Incipent	Control	7	8	1.30586678588021	3.08949838458633	12.9911260327048	0.00862529542773407	0.115767780525148	0.654247683760567	3.26058785714286	2.875580125	0	two.sided	Welch Two Sample t-test	0.999448188432275
238	1557706_at|ZHX2	Incipent	Control	7	8	1.63142123355923	3.09814234342656	12.7211540646089	0.00867018774068497	0.212638189385411	1.19962047968602	3.91574512928571	3.20961579475	0	two.sided	Welch Two Sample t-test	0.999448188432275
239	239748_x_at|OCIAD1	Incipent	Control	7	8	1.15294567392981	3.08277757364834	12.9454323396384	0.00876910003910882	0.0613742106498946	0.349274860778678	9.21191128571429	9.00658675	0	two.sided	Welch Two Sample t-test	0.999448188432275
240	223697_x_at|C9orf64	Incipent	Control	7	8	1.15229802171167	3.0979041489428	12.5030827380971	0.00883267887381773	0.0613148017039656	0.347712984010317	9.97854914285714	9.77403525	0	two.sided	Welch Two Sample t-test	0.999448188432275
241	213118_at|UHRF1BP1L	Incipent	Control	7	8	-1.37346409533537	-3.07526419281584	12.9972558691302	0.00886054595215203	-0.779443423820357	-0.136194969036787	5.89569842857143	6.353517625	0	two.sided	Welch Two Sample t-test	0.999448188432275
242	238538_at|ANKRD11	Incipent	Control	7	8	-1.35525635115274	-3.10417071242081	12.3165805914783	0.00886871870457968	-0.745519168593031	-0.131612367121255	4.16387285714286	4.602438625	0	two.sided	Welch Two Sample t-test	0.999448188432275
243	219527_at|MTARC2	Incipent	Control	7	8	-1.34859417174336	-3.36248602946312	8.62226341819863	0.00888197741275436	-0.723674263284253	-0.139238272430034	5.24173785714286	5.673194125	0	two.sided	Welch Two Sample t-test	0.999448188432275
244	1556209_at|CLEC2B	Incipent	Control	7	8	1.18612885425509	3.11877422806864	11.9199634620566	0.00893988483410535	0.0740918486977541	0.418429640373675	1.80031580728571	1.55405506275	0	two.sided	Welch Two Sample t-test	0.999448188432275
245	240027_at|LIN7A	Incipent	Control	7	8	-1.35584480673427	-3.31957111443104	8.99862461360643	0.00894831113781318	-0.738491138900225	-0.139892968242632	3.76724657142857	4.206438625	0	two.sided	Welch Two Sample t-test	0.999448188432275
246	230551_at|KSR2	Incipent	Control	7	8	-1.37486256556043	-3.12898404631459	11.6933013388308	0.00896015986521269	-0.780036921008406	-0.138537900420165	7.27424071428571	7.733528125	0	two.sided	Welch Two Sample t-test	0.999448188432275
247	238057_at|USP45	Incipent	Control	7	8	-1.15250723196453	-3.15825299017131	11.150737896043	0.00896517117779657	-0.347248957088775	-0.0623026500540824	1.72439057142857	1.929166375	0	two.sided	Welch Two Sample t-test	0.999448188432275
248	240211_at|APCDD1	Incipent	Control	7	8	1.44788483736969	3.088705895468	12.5082214017762	0.00898391423822969	0.158984234043519	0.908909480242196	4.10058185714286	3.566635	0	two.sided	Welch Two Sample t-test	0.999448188432275
249	238432_at|DLGAP1-AS1	Incipent	Control	7	8	1.33107362729221	3.10595643094993	12.1023685486356	0.00900629253814058	0.123431590700986	0.701749159299013	5.815764	5.403173625	0	two.sided	Welch Two Sample t-test	0.999448188432275
250	213131_at|OLFM1	Incipent	Control	7	8	-1.30343905206586	-3.22712111362901	10.0382375957269	0.00902171632903097	-0.646158704047116	-0.118487545952884	7.859635	8.241958125	0	two.sided	Welch Two Sample t-test	0.999448188432275
251	211794_at|FYB1	Incipent	Control	7	8	1.48916451379623	3.11945059981159	11.7834653585031	0.00904180583888294	0.172416081541351	0.976590204172935	6.19732814285714	5.622825	0	two.sided	Welch Two Sample t-test	0.999448188432275
252	216274_s_at|SEC11A	Incipent	Control	7	8	1.43955603424945	3.10239273852672	12.085182155671	0.00908014259301527	0.15676621110401	0.894481681753133	6.26846257142857	5.742838625	0	two.sided	Welch Two Sample t-test	0.999448188432275
253	1569792_a_at|ETFBKMT	Incipent	Control	7	8	-1.27005030913449	-3.0916201952063	12.3081532029941	0.00908698095894803	-0.587269874674527	-0.102501417432617	2.12791268157143	2.472798327625	0	two.sided	Welch Two Sample t-test	0.999448188432275
254	218133_s_at|NIF3L1	Incipent	Control	7	8	-1.58747594635286	-3.13915603974396	11.3441113620323	0.00909878453428084	-1.13248426942264	-0.200985194863074	4.46465214285714	5.131386875	0	two.sided	Welch Two Sample t-test	0.999448188432275
255	211813_x_at|DCN	Incipent	Control	7	8	1.70896460585991	3.10300996508182	12.022016176912	0.00912078749203536	0.230376214776178	1.31586882093811	5.81046414285714	5.037341625	0	two.sided	Welch Two Sample t-test	0.999448188432275
256	201493_s_at|PUM2	Incipent	Control	7	8	-1.22006944595548	-3.05849464371467	12.9051559827373	0.00921664739738385	-0.489811397357565	-0.0841151383567208	7.95585185714286	8.242815125	0	two.sided	Welch Two Sample t-test	0.999448188432275
257	207667_s_at|MAP2K3	Incipent	Control	7	8	1.37101827681515	3.05771486871081	12.8874058424281	0.0092432133980801	0.133315475254551	0.777180131888305	4.68245142857143	4.227203625	0	two.sided	Welch Two Sample t-test	0.999448188432275
258	227154_at|IGSF21	Incipent	Control	7	8	1.28775093653843	3.05538418029482	12.9342431267829	0.00925091976294144	0.106743395910645	0.622963782660783	3.79374071428571	3.428887125	0	two.sided	Welch Two Sample t-test	0.999448188432275
259	1556029_s_at|NMNAT2	Incipent	Control	7	8	-1.49589361714643	-3.17051785123754	10.6413116515309	0.00926450538795377	-0.98601011656471	-0.176005042078148	4.02481773142857	4.60582531075	0	two.sided	Welch Two Sample t-test	0.999448188432275
260	227425_at|REPS2	Incipent	Control	7	8	-1.27717232480068	-3.05238156329286	12.9149604521155	0.00931828639658993	-0.602928404629725	-0.102977988227418	6.51397042857143	6.866923625	0	two.sided	Welch Two Sample t-test	0.999448188432275
261	202539_s_at|HMGCR	Incipent	Control	7	8	-1.70197815240326	-3.11900052763682	11.4596569163939	0.00933126951647643	-1.30597365646236	-0.228451379251926	6.18862485714286	6.955837375	0	two.sided	Welch Two Sample t-test	0.999448188432275
262	205482_x_at|SNX15	Incipent	Control	7	8	1.15704151122329	3.10780711682002	11.6692472966269	0.00933624652680582	0.0624403630642718	0.358440886935729	6.857405	6.646964375	0	two.sided	Welch Two Sample t-test	0.999448188432275
263	236243_at|TUT7	Incipent	Control	7	8	1.30528142543751	3.07058386492702	12.4248815978472	0.00936163354819895	0.112658403152999	0.656063382561287	6.67186914285714	6.28750825	0	two.sided	Welch Two Sample t-test	0.999448188432275
264	221626_at|ZNF506	Incipent	Control	7	8	1.30798722155803	3.04665094644504	12.9958851321718	0.00936304058830375	0.112672288164188	0.662024604692955	6.61442157142857	6.227073125	0	two.sided	Welch Two Sample t-test	0.999448188432275
265	221016_s_at|TCF7L1	Incipent	Control	7	8	1.38976728109904	3.07480940807954	12.3193624631837	0.00936976827817437	0.139333778538158	0.810352864318985	2.66220457142857	2.18736125	0	two.sided	Welch Two Sample t-test	0.999448188432275
266	222280_at|TMEM147-AS1	Incipent	Control	7	8	1.37957862251744	3.32156740808375	8.68065021094569	0.00937586872221886	0.146282978811178	0.782172378331679	7.01449142857143	6.55026375	0	two.sided	Welch Two Sample t-test	0.999448188432275
267	207966_s_at|GLG1	Incipent	Control	7	8	1.47963354213599	3.08638020993437	12.0525270452449	0.00938202476961136	0.166404750013036	0.964075071415536	6.53087428571429	5.965634375	0	two.sided	Welch Two Sample t-test	0.999448188432275
268	228570_at|BTBD11	Incipent	Control	7	8	-1.48638120125259	-3.33781253299428	8.51791383969919	0.00938840087833129	-0.962705965584529	-0.180902355844043	2.39881371428571	2.970617875	0	two.sided	Welch Two Sample t-test	0.999448188432275
269	1552898_a_at|KCNG3	Incipent	Control	7	8	-1.53260925822575	-3.11471695135194	11.4440312436833	0.00941841597671427	-1.04922162478726	-0.182758227034171	2.84109453071429	3.457084456625	0	two.sided	Welch Two Sample t-test	0.999448188432275
270	1555878_at|RPS24	Incipent	Control	7	8	-1.23835405050874	-3.04951007010512	12.8340526772492	0.00942874404951539	-0.527208519600414	-0.0896391723281573	1.56143127628571	1.86985512225	0	two.sided	Welch Two Sample t-test	0.999448188432275
271	202634_at|POLR2K	Incipent	Control	7	8	-1.3233143268882	-3.07885101654614	12.1439126873411	0.00943930121848558	-0.689789554587452	-0.11852201684112	6.37998271428571	6.7841385	0	two.sided	Welch Two Sample t-test	0.999448188432275
272	231848_x_at|ZNF207	Incipent	Control	7	8	1.31274792085777	3.36556521251413	8.23196471654343	0.00944970708477963	0.124910447627166	0.660269373801407	5.29744128571429	4.904851375	0	two.sided	Welch Two Sample t-test	0.999448188432275
273	1553292_s_at|RSKR	Incipent	Control	7	8	-1.7276672405372	-3.14489161824999	10.8366875206415	0.00948849750265336	-1.34190979758797	-0.235740946840599	4.45518717028571	5.2440125425	0	two.sided	Welch Two Sample t-test	0.999448188432275
274	207520_at|RO60	Incipent	Control	7	8	1.35306563278743	3.06342675063756	12.3831607527046	0.00952173970280135	0.127030391408369	0.745433251448773	8.31716157142857	7.88092975	0	two.sided	Welch Two Sample t-test	0.999448188432275
275	234672_s_at|NDC1	Incipent	Control	7	8	-1.17725496209831	-3.04621113076881	12.7688916460226	0.00953678855577066	-0.40269887255346	-0.0681547345893972	3.32880157142857	3.564228375	0	two.sided	Welch Two Sample t-test	0.999448188432275
276	225109_at|OGFOD1	Incipent	Control	7	8	1.28319552693855	3.04366915039889	12.7485352905281	0.00959845479456881	0.103887186669334	0.61559484904495	4.78177414285714	4.422033125	0	two.sided	Welch Two Sample t-test	0.999448188432275
277	214771_x_at|MPRIP	Incipent	Control	7	8	-1.28027336884526	-3.0541604694236	12.4485958112923	0.00963759897299423	-0.609729111615118	-0.103174674099166	5.76318285714286	6.11963475	0	two.sided	Welch Two Sample t-test	0.999448188432275
278	235573_at|HSPH1	Incipent	Control	7	8	-1.58534551897185	-3.03721566709099	12.8272368831669	0.00965827121628277	-1.13831522940088	-0.191279377741979	5.31519957142857	5.979996875	0	two.sided	Welch Two Sample t-test	0.999448188432275
279	214525_x_at|MLH3	Incipent	Control	7	8	1.44952376048559	3.05380176509948	12.4225432957924	0.00966470317334663	0.154893074079412	0.916264890206302	3.03134285714286	2.495763875	0	two.sided	Welch Two Sample t-test	0.999448188432275
280	213262_at|SACS	Incipent	Control	7	8	-1.42048035062825	-3.03706777012232	12.8044062416697	0.00967806175460688	-0.867143360179293	-0.145614389820707	6.752288	7.258666875	0	two.sided	Welch Two Sample t-test	0.999448188432275
281	1564746_at|SLC9B2	Incipent	Control	7	8	-1.32327596714714	-3.02960914042576	12.9852101524462	0.00968285588824348	-0.692314915442056	-0.115913014165086	4.37176341857143	4.775877383375	0	two.sided	Welch Two Sample t-test	0.999448188432275
282	235928_at|ZNF503-AS2	Incipent	Control	7	8	-1.66969373569955	-3.2945393916829	8.7418135500583	0.00968677440151787	-1.24970543291588	-0.229461567084122	3.103366	3.8429495	0	two.sided	Welch Two Sample t-test	0.999448188432275
283	1556037_s_at|HHIP	Incipent	Control	7	8	1.32446065240564	3.08535288149537	11.710240384123	0.00969238438759888	0.118328657679015	0.692481310713841	2.09180833257143	1.686403348375	0	two.sided	Welch Two Sample t-test	0.999448188432275
284	1558930_at|LINC00460	Incipent	Control	7	8	-1.35487295173828	-3.17579129766801	10.1442598168686	0.00972008326480185	-0.744977894285931	-0.13133725464264	1.75296434228571	2.19112191675	0	two.sided	Welch Two Sample t-test	0.999448188432275
285	1562031_at|JAK2	Incipent	Control	7	8	1.48453929025747	3.28090243515576	8.85637219516414	0.00972387866805739	0.176020355307909	0.964010197942091	5.200971702	4.630956425375	0	two.sided	Welch Two Sample t-test	0.999448188432275
286	205425_at|HIP1	Incipent	Control	7	8	1.44286596378257	3.02809594619737	12.9553901021378	0.00973292295781015	0.15143945944077	0.906435111987802	4.32620428571429	3.797267	0	two.sided	Welch Two Sample t-test	0.999448188432275
287	203473_at|SLCO2B1	Incipent	Control	7	8	1.44396751449677	3.09158986571731	11.4462141999954	0.00982076547747945	0.154476934651244	0.905599636777327	5.98161928571429	5.451581	0	two.sided	Welch Two Sample t-test	0.999448188432275
288	216916_s_at|DLGAP2	Incipent	Control	7	8	1.48430040610183	3.09519935338906	11.3697220187945	0.0098280210613828	0.166214078584901	0.973352135700814	4.98093585714286	4.41115275	0	two.sided	Welch Two Sample t-test	0.999448188432275
289	1561532_at|DACT3-AS1	Incipent	Control	7	8	-1.15121871897647	-3.02004421665641	12.9947270628434	0.00985556856133311	-0.348498512080555	-0.0578253995265878	1.85057183757143	2.053733793375	0	two.sided	Welch Two Sample t-test	0.999448188432275
290	235789_at|KDM4B	Incipent	Control	7	8	1.5507572748702	3.40967316301006	7.65229711458977	0.00986419843692654	0.20147598078264	1.06446980493165	4.45287714285714	3.81990425	0	two.sided	Welch Two Sample t-test	0.999448188432275
291	222208_s_at|POLR2J4	Incipent	Control	7	8	1.67720653566975	3.11860283033373	10.8976447779931	0.0098777511896384	0.218916785004222	1.27320392928149	7.19648985714286	6.4504295	0	two.sided	Welch Two Sample t-test	0.999448188432275
292	229512_at|FAM120C	Incipent	Control	7	8	-1.26393879765702	-3.03910533218384	12.4844413196368	0.00988697314469397	-0.57915633940504	-0.0966968748806726	7.08519914285714	7.42312575	0	two.sided	Welch Two Sample t-test	0.999448188432275
293	219714_s_at|CACNA2D3	Incipent	Control	7	8	-1.61684323277422	-3.0192305714381	12.9119816141213	0.00993242435898859	-1.1895189384259	-0.196840668716954	2.74410457142857	3.437284375	0	two.sided	Welch Two Sample t-test	0.999448188432275
294	1553502_a_at|PALM2AKAP2	Incipent	Control	7	8	1.29701048592417	3.02962210765443	12.6101637718052	0.00996616008325922	0.106805648952998	0.643574637797001	4.176911304	3.801721160625	0	two.sided	Welch Two Sample t-test	0.999448188432275
